{"train": [3.314421103034221, 1.9461949912595078, 1.668653325295784, 1.540710451737256, 1.4899573888577207, 1.43678785042024, 1.4070985904881652, 1.3974510683140284, 1.3684403871146726, 1.3537533467924092], "val": [2.420941159838722, 1.9819680679412115, 1.853936201050168, 1.7821559395108904, 1.7475371474311465, 1.7227953842708044, 1.715989623750959, 1.7083101726713634, 1.701332347733634, 1.6966476383663358]}