{"train": [4.275069198018117, 3.1599416575994437, 2.6996102914127666, 2.579850523799254, 2.579920532163845, 2.576158753907888, 2.5804326179179737, 2.576395681333265, 2.5770980177349925, 2.5765134578055524], "val": [3.7439463896467196, 3.1234558639147423, 2.900766371101733, 2.9005276146314003, 2.900269650465605, 2.900435575586281, 2.900263495792616, 2.9003594253236886, 2.900350815413014, 2.900354085379089]}